<?xml version="1.0" encoding="UTF-8"?>
<!DOCTYPE mapper
PUBLIC "-//mybatis.org//DTD Mapper 3.0//EN"
"http://mybatis.org/dtd/mybatis-3-mapper.dtd">
<mapper namespace="com.java.mapper.AuthorityMapper">
    <!--描述OneMenu、TwoMenu与system_authoriy表的关联关系-->
    <resultMap id="oneMenuMap" type="com.java.pojo.admin.OneMenu">
        <result property="oneId" javaType="Long" column="oneId"></result>
        <result property="oneName" javaType="String" column="oneName"></result>
        <collection property="twoMenuList" ofType="com.java.pojo.admin.TwoMenu">
            <result property="twoId" javaType="Long" column="twoId"></result>
            <result property="twoName" javaType="String" column="twoName"></result>
            <result property="parentId" javaType="Long" column="parentId"></result>
        </collection>
    </resultMap>

	<!--插入角色和权限的映射关系-->
    <insert id="insertRoleAuthorityRelation">
        INSERT INTO system_role_authority VALUES
        <foreach collection="authorityAttr" item="temp" separator=",">
            (NULL,#{roleId},#{temp})
        </foreach>
    </insert>

    <!--获取所有的一级权限-->
    <select id="selectPTAuthority" resultMap="oneMenuMap">
        select * from view_onemenu vo inner join view_twomenu vt on vo.oneId=vt.parentId
    </select>

</mapper>