<?xml version="1.0" encoding="UTF-8" ?>
<beans xmlns="http://www.springframework.org/schema/beans"
       xmlns:xsi="http://www.w3.org/2001/XMLSchema-instance"
       xmlns:p="http://www.springframework.org/schema/p"
       xmlns:context="http://www.springframework.org/schema/context"
       xmlns:tx="http://www.springframework.org/schema/tx"
       xsi:schemaLocation="
       http://www.springframework.org/schema/beans
       http://www.springframework.org/schema/beans/spring-beans-3.2.xsd
       http://www.springframework.org/schema/context
       http://www.springframework.org/schema/context/spring-context-3.2.xsd
       http://www.springframework.org/schema/tx
       http://www.springframework.org/schema/tx/spring-tx-3.2.xsd">

    <!--配置读取jdbc.properties的工具类:PropertyPlacceHolderConfigurer-->
    <bean id="propertyPlaceholderConfigurer" class="org.springframework.beans.factory.config.PropertyPlaceholderConfigurer">
        <property name="location" value="classpath:jdbc.properties"></property>
    </bean>

    <!--配置数据源:BasicDataSource-->
    <bean id="basicDataSource" class="org.apache.commons.dbcp.BasicDataSource">
        <property name="driverClassName" value="${driverClassName}"></property>
        <property name="url" value="${url}"></property>
        <property name="username" value="${username}"></property>
        <property name="password" value="${password}"></property>
    </bean>

    <!--配置扫描mybatis局部xml文件的工具类:SqlSessionFactoryBean-->
    <bean id="sqlSessionFactoryBean" class="org.mybatis.spring.SqlSessionFactoryBean">
        <!--指定数据源-->
        <property name="dataSource" ref="basicDataSource"></property>
        <!--指定局部xml(保存sql语句的xml)的位置-->
        <property name="mapperLocations" value="classpath*:com/java/mapper/*.xml"></property>
        <!--读取mybatis.xml主配置文件-->
        <property name="configLocation" value="classpath:mybatis.xml"></property>
    </bean>

    <!--将mapper的接口类与Mybatis的局部xml文件关联:MapperScannerConfigurer-->
    <bean id="mapperScannerConfigurer" class="org.mybatis.spring.mapper.MapperScannerConfigurer">
        <!--指定mapper接口类的位置-->
        <property name="basePackage" value="com.java.mapper"></property>
    </bean>

    <!--配置事务-->
</beans>