<?xml version="1.0" encoding="UTF-8"?>
<beans xmlns="http://www.springframework.org/schema/beans"
       xmlns:xsi="http://www.w3.org/2001/XMLSchema-instance"
       xmlns:mvc="http://www.springframework.org/schema/mvc"
       xmlns:context="http://www.springframework.org/schema/context"
       xmlns:task="http://www.springframework.org/schema/task"
       xsi:schemaLocation="http://www.springframework.org/schema/beans
			http://www.springframework.org/schema/beans/spring-beans-3.2.xsd
			http://www.springframework.org/schema/mvc
			http://www.springframework.org/schema/mvc/spring-mvc-3.2.xsd
			http://www.springframework.org/schema/context
			http://www.springframework.org/schema/context/spring-context-3.2.xsd
			http://www.springframework.org/schema/task
	   		http://www.springframework.org/schema/task/spring-task-3.2.xsd">

    <!--配置包扫描-->
    <context:component-scan base-package="com.java.*" />

    <!--开启springmvc的注解驱动-->
    <mvc:annotation-driven />

    <!--配置视图解析器:InternalResourceViewResolver-->
    <bean id="internalResourceViewResolver" class="org.springframework.web.servlet.view.InternalResourceViewResolver">
        <!--配置前缀：prefix-->
        <property name="prefix" value="/pages/"></property>
        <!--配置后缀：suffix-->
        <property name="suffix" value=""></property>
    </bean>

    <!--配置文件上传:CommonsMultipartResolver-->
    <bean id="multipartResolver" class="org.springframework.web.multipart.commons.CommonsMultipartResolver">
        <!--配置默认编码-->
        <property name="defaultEncoding" value="UTF-8"></property>
        <!--配置文件上传总大小:10M-->
        <property name="maxUploadSize" value="10485760"></property>
    </bean>

    <!--配置定时器任务-->
</beans>